AWSNegative,AWSNeutral,AWSPositive,GCPscore,IBMscore,Azurescore,realSentiment
0.003904496,0.201138034,0.791933656,0,0.987951,0.887542188,positive
0.006084054,0.974790573,0.016305082,0.100000001,0.655981,0.832602859,neutral
0.008784741,0.9405967,0.048968814,0.100000001,0,0.5,neutral
0.004265126,0.859948456,0.132650807,0.100000001,0.580306,0.792194486,positive
0.294443727,0.688630044,0.01023458,0,0.683194,0.749581456,neutral
0.003346077,0.988559186,0.007236545,0,0.427012,0.5,positive
0.001893397,0.928454518,0.068282537,0,0.990295,0.5,positive
0.00323189,0.993896782,0.002217772,-0.200000003,-0.24186,0.5,neutral
0.002061414,0.997533679,0.000219941,-0.100000001,-0.516043,0.5,positive
0.00378346,0.50209111,0.478207499,0.300000012,0,0.5,neutral
0.014770701,0.980735004,0.002552505,0,0,0.5,neutral
0.019257478,0.932318449,0.043213282,0,0.876166,0.5,positive
5.35E-07,0.991514802,0.00846616,0.400000006,0.892833,0.5,positive
5.14E-05,0.744705856,0.253651381,0.400000006,0.932051,0.5,negative
0.006084315,0.679894328,0.307087123,0.800000012,0.931991,0.876029193,neutral
0.000233008,0.935274601,0.06342373,0.200000003,0.82151,0.813630044,positive
0.017708244,0.969320357,0.009648422,0,0.918546,0.5,neutral
0.013757089,0.96323818,0.018158589,-0.100000001,0.724225,0.5,neutral
0.000352863,0.699461043,0.298947364,0.300000012,0.87895,0.5,neutral
0.084730238,0.825042307,0.02981426,0,0.844538,0.5,positive
0.001308402,0.998404324,0.000102937,0.200000003,0.4656,0.5,negative
0.018868251,0.670926809,0.302359521,0.300000012,0.815343,0.5,neutral
0.001569539,0.989446998,0.008242546,0,0.654059,0.5,neutral
0.001132855,0.081971213,0.890882909,0.600000024,0.867419,0.831014156,neutral
0.000594897,0.256817788,0.738354504,0.5,0.93076,0.958652377,positive
0.197873756,0.735731661,0.028352907,0,0.386466,0.880784273,neutral
0.000322667,0.926621497,0.072162412,0.300000012,0.795086,0.5,neutral
0.008236702,0.078299575,0.889183044,0.600000024,0.444988,0.870794058,neutral
0.020144358,0.690706193,0.26113224,0.400000006,0.998674,0.944754899,neutral
0.000884745,0.534922123,0.460698009,0.300000012,0.911229,0.960263491,neutral
0.004105332,0.952623248,0.036599852,0.200000003,0.652505,0.5,neutral
0.006225159,0.569396913,0.408262581,0.300000012,0.64979,0.95177722,positive
0.000390337,0.67356813,0.324900866,0.5,0.884756,0.5,positive
0.006324648,0.98775804,0.004705748,-0.200000003,-0.449016,0.5,positive
0.002052,0.829464853,0.166998163,0.400000006,0.774048,0.717641234,neutral
0.002422116,0.535311818,0.455589205,0.400000006,0.887718,0.944923878,positive
6.26E-06,0.942945063,0.056925841,0.300000012,0.72143,0.5,negative
0.006401212,0.979920328,0.01230842,-0.300000012,0.410063,0.801329792,positive
0.001766874,0.737968981,0.256883949,0.300000012,0.573685,0.5,positive
0.001357827,0.833086848,0.161431417,0,0.761691,0.5,neutral
0.000522046,0.984094679,0.014871379,0.5,0.938316,0.824782372,negative
0.000682181,0.782542646,0.214975938,0.600000024,0.915053,0.926614046,negative
0.000354554,0.734589696,0.263925463,0.600000024,0.852729,0.959994316,neutral
0.000678011,0.655310869,0.342963964,0.300000012,0.792538,0.845729172,neutral
0.017776377,0.976282299,0.003729779,-0.200000003,-0.359171,0.5,positive
2.16E-06,0.938744962,0.061165024,0.200000003,0.87267,0.5,positive
0.000734387,0.265253216,0.721564651,0.5,0.805166,0.86103797,positive
0.001160148,0.944442153,0.0518784,0,0.834782,0.5,neutral
0.000343094,0.725328207,0.272840232,0.300000012,0.92161,0.5,negative
0.000177837,0.875223637,0.123682536,0.400000006,0.869526,0.5,positive
0.000111819,0.999698639,0.000138113,0,0.248326,0.5,neutral
0.000165222,0.698374093,0.300756007,0.300000012,0.835563,0.5,neutral
0.001484735,0.760349393,0.230348751,0.5,0.907673,0.799791932,neutral
0.075633861,0.566920698,0.255278558,0,0.550566,0.866396606,neutral
0.000307053,0.258056939,0.735998988,0.400000006,0.916148,0.931351602,neutral
0.196240529,0.786639273,0.007264731,-0.400000006,-0.852252,0.5,positive
0.000587216,0.595400155,0.394852787,0,0.927146,0.5,positive
0.001884141,0.273543179,0.681719244,0.200000003,0.836787,0.98108983,positive
0.006253082,0.948233902,0.042730551,0.300000012,0.880863,0.5,neutral
0.019524096,0.683812618,0.244921356,0.200000003,0.643916,0.5,positive
0.00191383,0.416256309,0.564930499,0.100000001,0.771662,0.877062917,positive
0.092029214,0.287555724,0.567177296,0.400000006,0.732763,0.907067299,positive
0.018457426,0.915625155,0.044678289,0,0.66088,0.5,neutral
0.002942974,0.230679274,0.74051559,0.200000003,0.739665,0.972062588,negative
0.000611969,0.203721359,0.774102509,0.400000006,0.670171,0.92871666,negative
0.002129654,0.861633599,0.128469959,0.5,0.861906,0.5,neutral
0.00248864,0.993401825,0.003708305,0,0,0.5,positive
0.416773975,0.362184763,0.083081245,0,0.699863,0.5,positive
0.02035973,0.324779809,0.54127878,0.200000003,0.789531,0.851255536,positive
0.000330791,0.398243636,0.597160816,0.699999988,0.85647,0.760756195,neutral
0.021673473,0.494975477,0.442144781,0.100000001,0.780126,0.933684826,neutral
0.010968757,0.708067894,0.264803171,0.300000012,0.926689,0.5,neutral
0.000394053,0.136374921,0.846567512,0.400000006,0.726575,0.871148646,neutral
0.01482301,0.93339318,0.032351062,0.200000003,0.804026,0.768786132,neutral
0.019997125,0.402448744,0.528828979,0.200000003,0.919669,0.923811615,neutral
0.016773192,0.692126572,0.210506469,0.300000012,0.700766,0.5,positive
0.00178255,0.226130068,0.747913599,0.300000012,0.828628,0.5,positive
0.005180245,0.983113766,0.009600419,-0.100000001,0.829679,0.923676252,neutral
0.200664669,0.719928265,0.031368408,0,0.366163,0.692086935,negative
0.002946622,0.649466276,0.330226541,0.200000003,0.892405,0.976601958,positive
0.000771579,0.220668793,0.771400452,0.5,0.817485,0.960379183,positive
0.057455581,0.29320246,0.477300823,0.200000003,0.69442,0.951513886,neutral
0.016289603,0.711829007,0.237459287,0.300000012,0.845235,0.5,neutral
0.001636532,0.815343738,0.131969929,0.300000012,0.747081,0.5,positive
0.092012651,0.77393949,0.085139275,0,0.736249,0.5,neutral
0.015539497,0.890542328,0.085398018,0.400000006,0.605484,0.5,positive
0.142373875,0.768217683,0.036783241,0.100000001,0.623337,0.5,neutral
0.009703397,0.449475318,0.440439343,0.100000001,0.793615,0.5,positive
0.008432976,0.991082311,0.000135306,0,0.545071,0.5,neutral
0.003853031,0.226180732,0.734285712,0.400000006,0.591555,0.720755517,neutral
0.071569555,0.666819215,0.174998403,0.100000001,0.529056,0.676209092,positive
0.016088825,0.615865529,0.337712348,0.100000001,0.80475,0.5,positive
0.001443044,0.037892167,0.955313742,0.200000003,0.975633,0.941444159,positive
0.035218675,0.070623033,0.306734025,0,0.655746,0.291812092,neutral
0.00922457,0.987417221,0.002699513,0.200000003,0.326322,0.5,positive
0.000205082,0.986954391,0.012046893,0.5,-0.462628,0.5,positive
0.006363903,0.964752078,0.023589501,-0.5,-0.521112,0.859010875,neutral
0.00121315,0.026729429,0.91587466,0.200000003,0.972414,0.871487856,neutral
0.021800479,0.948278248,0.023496464,0,-0.334184,0.5,positive
0.790960073,0.197370991,0.001554928,-0.100000001,0.766386,0.5,neutral
0.000800478,0.127484769,0.855353892,0.200000003,0.785524,0.941526055,positive
0.005996471,0.009605646,0.962926447,0.200000003,0.45803,0.901067615,positive
0.000458695,0.027336286,0.94552511,0.400000006,0.795008,0.934129238,positive
0.098318532,0.280311733,0.599090397,0,0.988573,0.929056942,positive
0.000341316,0.013635304,0.967527092,0.5,0.958134,0.897884965,positive
0.07872615,0.409181863,0.431371987,-0.100000001,0.801903,0.797726691,positive
0.002493335,0.904025376,0.085139938,0.200000003,0.94317,0.769638062,positive
0.01224983,0.767440498,0.192207009,0.100000001,0.749182,0.5,positive
0.075596578,0.864003003,0.022704279,0.200000003,0.811209,0.5,positive
0.031260658,0.845769823,0.116628274,0,0.988573,0.929056942,positive
0.021406427,0.351041555,0.395173013,0.300000012,0.673964,0.5,positive
0.01539052,0.593785822,0.343311429,0,0.621902,0.5,positive
0.067229092,0.897602201,0.028770588,0,0,0.5,positive
0.846550941,0.073814467,0.015283083,0,0.549145,0.268677622,neutral
0.13668108,0.189623252,0.316160351,0.100000001,0.560468,0.796033323,positive
0.067111269,0.834171236,0.060889646,0.200000003,0.527004,0.721991658,positive
0.367343813,0.476932645,0.07183972,0,0.684462,0.5,negative
0.027292492,0.954481781,0.01322265,0,0.471062,0.5,positive
0.022077885,0.399132311,0.567712009,0,0.988573,0.925721467,neutral
0.015892357,0.698164642,0.148662329,0.200000003,0.569771,0.5,positive
0.005074012,0.501048565,0.471753836,0.200000003,0.762137,0.894121408,neutral
0.042635247,0.693107069,0.203664839,0.100000001,0.69805,0.5,neutral
0.050958138,0.515573442,0.416074902,0,0.988573,0.929056942,positive
0.113153905,0.577839255,0.143670782,0,0.856638,0.847191215,negative
0.040473904,0.871341467,0.07294111,0.400000006,0.479401,0.890849471,positive
0.004770101,0.185587361,0.76905942,0.300000012,0.919998,0.970436573,positive
0.005882645,0.265507132,0.685651362,0.400000006,0.852284,0.5,neutral
0.001918232,0.274524689,0.707080424,0.400000006,0.91792,0.770071089,positive
0.007053695,0.985109568,0.006842957,0,0,0.5,positive
0.17266275,0.560250998,0.135107413,0.100000001,0.847705,0.932043314,negative
0.003617448,0.583454788,0.399138659,0.100000001,0.873873,0.945219815,positive
0.005013761,0.292827219,0.663666189,0,0.829015,0.973050952,positive
0.017094828,0.973530233,0.007645072,0,0,0.5,positive
0.583427012,0.189131394,0.065552495,-0.100000001,0.477986,0.765161753,neutral
0.011007125,0.92473942,0.057319511,0,-0.391976,0.5,negative
0.005546965,0.813889384,0.15616554,0,0.890078,0.5,positive
0.00317191,0.786348522,0.193059757,0.300000012,0.739308,0.800219119,positive
0.011434381,0.890375495,0.079885922,0.300000012,0.792806,0.5,negative
0.003536655,0.747648239,0.23298192,0.400000006,0.75921,0.958334148,positive
0.016163023,0.507525384,0.466925859,0,0.739117,0.908135056,positive
0.161712423,0.660608649,0.098114848,0,0.654095,0.5,neutral
0.102366455,0.467801601,0.307105511,0.300000012,0.882205,0.5,neutral
0.006498659,0.099147283,0.881065726,0.300000012,0.481687,0.960359156,positive
0.006575429,0.043762565,0.941758335,0.100000001,0.844868,0.9623155,positive
0.015705004,0.965098619,0.016534865,0,0.47644,0.5,positive
0.003574932,0.614364266,0.361865431,0.300000012,0.678515,0.5,neutral
0.000458343,0.981526673,0.017174829,0,0.418501,0.5,neutral
0.000463276,0.248427927,0.747907162,0.200000003,0.872548,0.969348192,neutral
0.10184475,0.781609893,0.054573689,-0.200000003,0.578894,0.749604762,negative
0.158866197,0.783997715,0.030969992,0,0.394711,0.80328244,positive
0.010337971,0.800194681,0.174230203,0,0.651486,0.5,positive
0.082527973,0.577090025,0.250036091,0,0.781138,0.901556075,neutral
0.051716246,0.195498362,0.578125596,0.300000012,0.691652,0.856860518,neutral
0.305707872,0.663115621,0.021472272,0,0,0.5,positive
0.035629794,0.918626547,0.01801664,0.300000012,0.606894,0.92061168,positive
0.010075248,0.958173335,0.025909688,0,0.499114,0.881996691,neutral
0.509300411,0.423062772,0.022056898,0.100000001,0.521035,0.158880353,neutral
0.001616317,0.029749515,0.955813885,0.400000006,0.805806,0.5,positive
0.001647275,0.018733988,0.949704707,0.400000006,0.700641,0.894776106,positive
0.048985224,0.935021818,0.012399234,0,-0.658645,0.5,positive
0.298225075,0.525464535,0.121287741,0,0.62096,0.870352387,neutral
0.035605557,0.957573831,0.001155307,0,0.646895,0.5,positive
0.056811228,0.839788318,0.080199026,0,0.695111,0.5,neutral
0.047888909,0.935497165,0.013316221,0,0,0.5,positive
0.054518167,0.931471705,0.01000748,0.100000001,0.758873,0.868999004,positive
0.064505048,0.711170971,0.170802578,0.100000001,0.767987,0.5,neutral
0.024965007,0.459895045,0.447430193,0.100000001,0.718589,0.708640099,neutral
0.111670293,0.856358945,0.025157103,0.100000001,0,0.5,positive
0.412043154,0.369403005,0.042117413,-0.300000012,0.377032,0.731177807,positive
0.032561664,0.231862724,0.571062744,0,0.464252,0.916460037,positive
0.065916009,0.922381639,0.008984902,0,0,0.5,neutral
0.087592416,0.805503666,0.070641696,0,0.640313,0.841107011,positive
0.00352512,0.738394976,0.252658516,0.200000003,0.582623,0.5,neutral
0.262592137,0.597916126,0.053864278,0.100000001,0.457043,0.5,positive
0.060647458,0.664062202,0.13275893,0.200000003,-0.284321,0.179011673,negative
0.222692966,0.664366841,0.057414599,0,-0.286424,0.180458307,positive
0.090276122,0.241584092,0.453015715,0.300000012,0.452501,0.138194919,neutral
9.45E-05,0.009050578,0.988640308,0.400000006,0.95907,0.99311471,positive
0.003636233,0.723901391,0.268913984,0,0.978613,0.946534634,positive
0.192039236,0.766440809,0.014308333,0.100000001,0.452953,0.5,negative
0.000273646,0.006427697,0.974016607,0.5,0.795332,0.9488132,positive
0.007723037,0.753323436,0.219047308,0.300000012,0.753697,0.82307142,positive
0.040585775,0.710101902,0.155690372,0.300000012,0.573718,0.93073833,positive
0.007865581,0.694523454,0.278828084,0.100000001,0.656279,0.885360003,neutral
0.016996644,0.973041713,0.004786595,0.100000001,0.512178,0.5,positive
0.00421184,0.151988313,0.837664425,0.400000006,0.98948,0.938773513,positive
0.0231115,0.450481474,0.48988685,0.200000003,0.810917,0.5,positive
0.10502094,0.684253871,0.14504756,0,0.554206,0.837467551,positive
0.000163696,0.863267422,0.135773525,0.200000003,0.878535,0.5,neutral
0.001689756,0.941935599,0.054970969,0.200000003,0.676266,0.889902592,neutral
0.340640187,0.491706759,0.104831591,0,0.829637,0.927577972,positive
0.055166028,0.84647584,0.071871266,0.200000003,0.892364,0.964370489,neutral
0.004152094,0.701673925,0.288155347,0.300000012,0.909994,0.5,positive
0.00022433,0.016825944,0.978149235,0.600000024,0.89541,0.867162168,negative
0.030590272,0.961045563,0.005069954,0.100000001,0.476141,0.5,positive
0.004462814,0.53965354,0.438389868,0.100000001,0.889876,0.5,negative
0.001364293,0.796947777,0.198350877,0.100000001,0.728187,0.5,positive
0.153527334,0.818460882,0.006851004,-0.100000001,-0.620107,0.5,neutral
0.001529025,0.900035381,0.09693411,0.200000003,0.341889,0.5,positive
0.007142026,0.983208477,0.008818762,0,0.773762,0.5,neutral
0.00825842,0.975637436,0.015007006,0,0.559325,0.5,positive
0.072623789,0.913302839,0.006514282,0.100000001,0.38114,0.5,positive
0.14659375,0.834943473,0.010831621,0,0.770764,0.5,neutral
0.40388754,0.469293177,0.112005346,0,0,0.879301071,positive
0.006031155,0.747283936,0.236580893,0.200000003,0.819907,0.800786018,positive
0.038076531,0.869773507,0.085651956,0,0,0.787232041,neutral
0.034204476,0.945550919,0.017146666,0,0,0.5,positive
0.096234299,0.74322474,0.124761499,0.300000012,0.774935,0.5,positive
0.001869912,0.418622285,0.562768102,0.200000003,0.878962,0.5,neutral
0.001682856,0.153817937,0.829799652,0.600000024,0.893483,0.948899031,positive
0.059460085,0.91840899,0.017355505,0,0,0.5,positive
0.416958123,0.443013698,0.055787038,0,0.440242,0.95902282,neutral
0.006410616,0.311440736,0.651047647,0.400000006,0.830761,0.9293679,positive
0.069686428,0.843665719,0.061476491,0.100000001,0.683148,0.5,negative
0.000493345,0.070738219,0.927577674,0.200000003,0.758612,0.940734088,neutral
0.038502593,0.450482339,0.360262722,0.200000003,0.672924,0.75762248,positive
0.190118819,0.645972431,0.111347593,0,0.566248,0.5,positive
0.014456932,0.973918021,0.010227293,0,0,0.5,positive
0.081645817,0.868251562,0.021359462,0,0.293493,0.5,positive
0.001173251,0.590457499,0.397721767,0.300000012,0.819971,0.838226914,positive
0.021622799,0.514168262,0.364009261,0,0.756149,0.875429988,neutral
0.038069863,0.617986619,0.308578342,0,0.61404,0.5,positive
0.01200942,0.150778338,0.790220141,0.300000012,0.701087,0.5,positive
0.062841184,0.927071452,0.006786051,0,0,0.5,positive
0.038789768,0.747564733,0.189887092,0,0.630814,0.873250484,positive
0.027574914,0.825503826,0.117238857,0.200000003,0.567839,0.5,neutral
0.036623526,0.932471097,0.017592395,0.100000001,0.551244,0.5,neutral
0.020531351,0.519694448,0.36062035,0.300000012,0.727793,0.929245949,positive
0.082015708,0.911850333,0.003544095,0,0,0.5,positive
0.083224639,0.669645667,0.124600179,0.100000001,0.407392,0.5,neutral
0.027621076,0.861995757,0.087639384,0.100000001,0.548648,0.5,positive
0.003761988,0.836973071,0.153614685,0,0.980965,0.5,positive
0.051089577,0.451775789,0.395255864,0.200000003,0.76776,0.924051702,positive
0.081365392,0.897052288,0.016355624,0,0,0.5,positive
0.032540474,0.944798827,0.009804257,0,0.434743,0.285046011,positive
0.21217005,0.608178437,0.08184804,0.200000003,0.748638,0.5,positive
0.238147497,0.442483068,0.206002533,0.100000001,0.845906,0.736522079,positive
0.087449022,0.898676038,0.009460541,0,0,0.5,neutral
0.000265545,0.881778657,0.111948892,0,0.81421,0.5,positive
0.00012083,0.140848875,0.855928957,0.5,0.792597,0.865568042,positive
0.002449248,0.416650832,0.558056831,0.300000012,0.611614,0.5,positive
0.014572552,0.979517221,0.003673687,0,-0.284142,0.817734838,positive
0.000298698,0.006012124,0.96873033,0.699999988,0.995015,0.983840108,positive
0.005130047,0.964208901,0.026644848,0.200000003,0.534726,0.5,positive
0.018993933,0.606336415,0.345850199,0.400000006,0.861471,0.980386972,positive
0.01270979,0.617479265,0.359588593,0.300000012,0.735132,0.82121408,positive
0.024440873,0.843644917,0.125258371,0,0,0.5,positive
0.003467079,0.983823776,0.009699955,0,0.488897,0.5,positive
0.002913887,0.480004221,0.50545603,0.100000001,0.823168,0.818265915,positive
0.006896102,0.278729856,0.696610153,0.5,0.939022,0.979967475,neutral
0.006085758,0.961948574,0.028163113,0,0.252189,0.5,positive
0.112367883,0.607995927,0.233416677,0.200000003,0.579333,0.5,neutral
0.003672798,0.89519012,0.094917826,0,0.82557,0.892297924,positive
0.005745253,0.296194136,0.672539353,0.300000012,0.800712,0.908976793,neutral
0.010066256,0.916287482,0.048574589,0.100000001,0.338887,0.744844317,neutral
0.000940204,0.437203377,0.553724051,0.800000012,0.669871,0.907392979,positive
0.095107205,0.837041795,0.018220428,0,0.815817,0.5,positive
0.000913656,0.398175389,0.591550767,0,0.422517,0.5,positive
0.001464689,0.622526288,0.369075835,0,0.612641,0.5,positive
0.0004464,0.068662636,0.921624005,0.200000003,0.8553,0.860278666,positive
6.29E-05,0.369326442,0.623421669,0.400000006,0.9106,0.95481658,positive
0.074019589,0.528969705,0.38466084,0.400000006,0,0.716960192,positive
0.002827956,0.809970081,0.179256439,0.5,0.704646,0.949511528,positive
0.000253472,0.21994552,0.761506855,0.400000006,0.742297,0.94392693,positive
0.000109496,0.079336554,0.91197896,0.200000003,0.698527,0.957110882,positive
0.003881379,0.689618468,0.301592559,0.699999988,0.90446,0.937046409,neutral
0.001104901,0.472535104,0.515378892,0.200000003,0.704284,0.839434743,neutral
0.005939689,0.955003321,0.036173761,0,-0.372119,0.5,neutral
0.030828448,0.955464005,0.009843751,0,-0.293595,0.835688233,negative
0.000965176,0.96044004,0.032281183,0,0.595799,0.885663271,neutral
0.016532151,0.078193359,0.845720351,0.5,0.915698,0.938671887,positive
0.013560213,0.895816922,0.079210006,-0.100000001,-0.632935,0.5,positive
0.063467629,0.109695353,0.762781441,0.300000012,0.866924,0.94243145,negative
0.000492475,0.938413024,0.058390919,0.300000012,0.423659,0.312977076,positive
0.012378898,0.184681177,0.744729459,0.200000003,0.475519,0.5,neutral
0.002059984,0.919510722,0.073551595,0,0.761553,0.5,neutral
9.01E-05,0.097637668,0.89992398,0.800000012,0.918575,0.803929329,neutral
0.00363672,0.924593329,0.064844742,0,0.572036,0.5,negative
0.001517392,0.602428794,0.387322366,0.100000001,0.584807,0.89905107,positive
0.026126133,0.890848875,0.05825619,0.200000003,0.954515,0.852109313,positive
0.002932165,0.274863064,0.7136814,0.300000012,0.757617,0.94457674,positive
0.000790272,0.420431942,0.531222403,0.600000024,0.652797,0.5,positive
0.002357052,0.824350595,0.165343344,0.100000001,0.666732,0.772043645,neutral
0.018791564,0.736969113,0.232214153,0.100000001,0.794156,0.949705958,positive
0.000412283,0.462135673,0.522277415,0,0.720866,0.916221261,neutral
0.000412283,0.462135673,0.522277415,0,0.720866,0.916221261,positive
0.02767273,0.79248023,0.163482785,0.400000006,0.767427,0.882691622,positive
0.000327642,0.173181653,0.823178649,0.600000024,0.777499,0.97155869,neutral
0.000768698,0.987335742,0.010426513,-0.600000024,0.873414,0.5,positive
0.028145349,0.511829257,0.405804753,-0.200000003,0.46707,0.5,positive
0.007706402,0.98753953,0.00239529,-0.100000001,-0.429099,0.5,positive
0.001290291,0.86256355,0.131802872,0.100000001,0.629741,0.92824012,positive
0.069057107,0.621605873,0.22782968,0,0.522876,0.939038336,positive
0.000932503,0.232289851,0.756630778,0.800000012,0.627744,0.945077658,neutral
0.009632547,0.852164388,0.130072787,0,0.329511,0.76498282,neutral
0.006288602,0.630091488,0.354560137,0.800000012,0.507911,0.915282965,neutral
0.050151538,0.567546546,0.371744752,0.100000001,0.720437,0.5,neutral
0.002849262,0.953704596,0.040113308,0,0.361069,0.5,positive
0.001538368,0.632322729,0.331846327,0.200000003,0.343835,0.308262885,positive
0.690667033,0.234009206,0.001174855,0,0.666716,0.901926517,positive
0.002523734,0.391232908,0.594021499,0.200000003,0.556209,0.888912439,neutral
0.003991291,0.958019674,0.03553756,0.100000001,-0.430598,0.786973953,positive
0.00037285,0.776700735,0.216713592,0,0.783117,0.5,neutral
0.018776407,0.949386597,0.027774883,0.300000012,0,0.5,neutral
0.00040949,0.953024149,0.042940587,0.200000003,0.585701,0.5,neutral
0.015052397,0.67419982,0.286696583,0.100000001,0.602192,0.961041689,neutral
0.000541567,0.848263025,0.149510011,0.200000003,0.690645,0.830231249,positive
0.000144167,0.192387626,0.797347009,0.300000012,0.735069,0.925967693,neutral
2.47E-05,0.100314669,0.897342324,0.300000012,0.870268,0.991612077,neutral
0.000170193,0.829922557,0.166038275,0,0.886811,0.5,neutral
0.000136087,0.019090613,0.976971805,0.200000003,0.877939,0.98556757,positive
0.000145333,0.74469465,0.253892839,0.800000012,0.972526,0.95537889,neutral
0.007295175,0.288056105,0.598056316,0.200000003,0.790779,0.875562429,positive
0.00272219,0.535247743,0.453059465,0.300000012,0.974164,0.5,neutral
0.0023489,0.712000072,0.283049613,0.100000001,0.794002,0.5,neutral
0.005711764,0.682367504,0.300540656,0.200000003,0.879248,0.5,neutral
0.004571896,0.118528746,0.854779899,0.899999976,0.97107,0.952035666,positive
0.241036683,0.374819726,0.235613957,0.699999988,0.703124,0.5,neutral
0.04041297,0.383324325,0.503604591,0.699999988,0.982205,0.791691124,neutral
0.012607032,0.507811666,0.45857361,0.400000006,0.934712,0.5,positive
0.000761581,0.986590862,0.011927558,0.300000012,0.493107,0.916745067,positive
0.204493701,0.720077693,0.055162616,0,0.988573,0.905318558,neutral
0.003398765,0.029021438,0.955375016,0.100000001,0.849736,0.5,positive
0.563526392,0.214418501,0.086435027,0,0.7368,0.819335222,neutral
0.004114507,0.103531472,0.87340194,0.200000003,0.927184,0.923579574,positive
0.364674628,0.487703472,0.115256459,0,0.988573,0.905318558,positive
0.007372534,0.910868406,0.07423,0.100000001,0.633428,0.90171802,positive
0.053112939,0.19916223,0.66006422,0.200000003,0.875901,0.784626722,positive
0.00902131,0.905889928,0.075916022,0.400000006,0.975529,0.5,positive
3.50E-05,0.9265697,0.073262699,0.600000024,0.863715,0.5,positive
0.007039466,0.021053215,0.935922503,0.400000006,0.747368,0.93615675,positive
0.001562793,0.494686335,0.492686212,0.300000012,0.97164,0.5,positive
0.643062294,0.169141695,0.063933812,0,0.827527,0.78658998,positive
0.014577577,0.807965755,0.166208893,0.100000001,0.612213,0.5,neutral
0.026185775,0.873922825,0.077005848,0.200000003,0.680226,0.5,positive
0.108753398,0.617956877,0.227441266,0.200000003,0.782884,0.5,positive
0.032186281,0.417315543,0.538731992,0,0.994134,0.938941419,positive
0.032186281,0.417315543,0.538731992,0,0.994134,0.938941419,positive
0.072841361,0.789742768,0.124128588,0,0.988573,0.905318558,positive
0.035805456,0.787337422,0.147679567,0.5,0.968047,0.947936177,positive
7.91E-05,0.905237734,0.093909763,0.300000012,0.775077,0.5,positive
0.001478917,0.523662567,0.464993566,0.5,0.628452,0.5,positive
0.048566453,0.851001263,0.075461142,0,0.714027,0.5,positive
0.002917828,0.14880608,0.82132858,0.400000006,0.959768,0.963611186,positive
0.065998703,0.38282609,0.530972958,0,0.963146,0.949818313,positive
0.022671066,0.697429299,0.250262141,0,0.988573,0.5,positive
0.031608634,0.200373933,0.600674987,0.400000006,0.885402,0.948948681,positive
0.004672522,0.072818413,0.90895921,0.100000001,0.770978,0.5,neutral
0.000893502,0.005619803,0.97479409,0.699999988,0.892969,0.956432343,positive
0.002641486,0.158552215,0.783964813,0.5,0.887522,0.956232667,positive
0.007035231,0.766006649,0.223175749,0.400000006,0.769903,0.887720704,positive
0.042210724,0.738227367,0.204814047,0,0.988573,0.912504435,positive
0.033317085,0.368626416,0.549046159,0.300000012,0.832285,0.922358036,positive
0.007962167,0.279602438,0.70552063,0.899999976,0.995956,0.5,positive
0.001838399,0.431241363,0.555147886,0.600000024,0.886648,0.5,positive
0.057079472,0.752037764,0.158478647,0.200000003,0.753319,0.5,positive
0.116661102,0.422696143,0.257065177,0.400000006,0.466814,0.5,positive
0.007933077,0.918332279,0.072043836,0.300000012,0.69456,0.5,positive
0.003102545,0.107443474,0.87838614,0.400000006,0.933397,0.5,positive
0.129195273,0.102053203,0.567428529,0.300000012,0.362142,0.5,neutral
0.185120046,0.318346977,0.35360232,0.100000001,0.690704,0.5,positive
0.032998066,0.580801487,0.372196913,0,0.979046,0.949031472,positive
0.103464447,0.602613807,0.261186659,0,0.988573,0.915630043,positive
0.027623357,0.557488561,0.359017193,0,0.651099,0.809468091,positive
0.003563931,0.973562419,0.021585684,0.100000001,0.935281,0.5,positive
0.008766342,0.633181572,0.324395448,0.300000012,0.783423,0.867942393,positive
0.001877116,0.327255309,0.659699023,0.300000012,0.896242,0.928225756,positive
0.016257636,0.976116538,0.005463111,0,0.663949,0.5,positive
0.004572946,0.984772801,0.009269179,0.100000001,0.659667,0.5,positive
0.117545858,0.858819127,0.009084565,-0.200000003,0.832595,0.5,negative
0.664575815,0.221562982,0.048891157,0.5,0.551761,0.814982355,positive
0.009524526,0.193152219,0.711700141,0.300000012,0.861711,0.5,neutral
0.011336267,0.931028008,0.046151519,0.200000003,0.432126,0.755236566,positive
0.000743019,0.013497123,0.980416119,0.300000012,0.966286,0.96248579,positive
0.149968892,0.800033331,0.035216242,0,0.624312,0.885769129,positive
0.106327914,0.680398285,0.149294823,0.200000003,0.504739,0.5,positive
0.002446063,0.965316236,0.026715616,0.200000003,0.780763,0.5,positive
4.77E-05,0.943589211,0.055815604,0.400000006,0.939245,0.5,positive
0.006803144,0.881777048,0.103177398,0.200000003,0.761516,0.5,positive
0.006553639,0.642499924,0.326188803,0.5,0.895904,0.982608795,positive
0.001211372,0.948954284,0.045606319,0,0.667749,0.892949224,positive
0.023474971,0.411260754,0.443306595,0,0.833766,0.856068492,positive
1.07E-05,0.000328438,0.998515427,0.5,0.969957,0.897386193,positive
0.000983274,0.11183548,0.87826395,0.100000001,0.961035,0.989114881,neutral
0.013821051,0.721069455,0.253640354,0.100000001,0.923878,0.882178307,positive
0.075189903,0.913573086,0.005240688,0.200000003,0.792804,0.5,positive
0.003687533,0.859566391,0.133527264,0.800000012,0.832673,0.5,positive
0.000979618,0.922743857,0.074164212,0.300000012,0.828761,0.863558233,positive
0.001343302,0.978596687,0.01954462,0.5,0.703591,0.5,positive
0.00059111,0.912767768,0.085857451,0.600000024,0.852675,0.799019217,positive
0.003513195,0.834347963,0.159702972,0.200000003,0.953697,0.742142975,positive
0.000255547,0.811028123,0.185734317,0.800000012,0.932287,0.901211619,positive
0.001893694,0.845849812,0.148691848,0.400000006,0.857271,0.5,positive
0.001977419,0.727634132,0.268576324,0.699999988,0.875679,0.813723445,positive
0.00015204,0.988031864,0.011505449,0.5,0.668776,0.5,positive
1.73E-05,0.975405335,0.024395671,0.600000024,0.845262,0.5,neutral
0.034806397,0.899395227,0.051162854,0.5,0.634712,0.5,neutral
0.00150696,0.89536804,0.100757293,0.100000001,0.96706,0.5,positive
0.002289248,0.992046595,0.004887196,0.300000012,0.675472,0.5,negative
0.001485984,0.398166031,0.598659098,0.800000012,0.901168,0.5,negative
5.46E-05,0.87931335,0.119987972,0.600000024,0.944358,0.5,neutral
0.000475824,0.97652185,0.022424409,-0.300000012,-0.825902,0.5,positive
0.000743768,0.61196965,0.385576338,0.699999988,0.922634,0.5,neutral
0.001292126,0.362304121,0.632642448,0.100000001,0.936524,0.908077836,neutral
0.000810011,0.624996066,0.372153789,0.5,0.984519,0.5,neutral
0.010506944,0.459822267,0.520359039,0.200000003,0.903479,0.705221295,positive
0.000697761,0.939340889,0.058803082,0.300000012,0.553988,0.804223955,positive
0.001616278,0.695515096,0.299092263,0.200000003,0.882205,0.920475006,positive
0.024957148,0.342796922,0.622646332,0.100000001,0.777124,0.926989973,positive
0.046143197,0.82078439,0.041997075,0,0.761142,0.5,positive
0.616005063,0.100126497,0.213868439,0.100000001,0.858093,0.816137135,positive
0.001700929,0.970390975,0.026319355,0,0.723623,0.79951632,positive
0.34487012,0.596395016,0.020850487,0.300000012,0.846587,0.254837692,positive
0.01239047,0.796426773,0.164747596,0.100000001,0.99447,0.870791852,positive
0.000228207,0.937658787,0.061543226,0.200000003,0.884363,0.5,positive
0.045141142,0.77288419,0.15665555,0.5,0.867924,0.5,positive
0.042702701,0.935507536,0.017669145,0.100000001,0.799251,0.5,neutral
0.001604257,0.988555133,0.008482281,0,0.858541,0.5,neutral
0.002323458,0.973023534,0.02242388,-0.100000001,-0.446756,0.5,neutral
0.474144846,0.51092726,0.000759814,0,0.764801,0.5,negative
0.002763489,0.936402082,0.039884064,0.200000003,0.366428,0.76881218,negative
0.002006165,0.945140958,0.051989049,0.200000003,0.915477,0.5,neutral
0.020366974,0.96557492,0.011739032,-0.200000003,0.815174,0.5,positive
0.015396636,0.946191251,0.035062715,0,0.979513,0.5,positive
0.01092054,0.973675609,0.013379884,-0.400000006,0.59227,0.5,neutral
0.99734664,0.001689719,9.14E-06,-0.5,-0.797905,0.083837062,neutral
0.022556107,0.941246986,0.030939216,0.100000001,0.981325,0.5,positive
0.311827987,0.286249042,0.356216103,0.5,0,0.5,positive
0.008678155,0.844623506,0.14366883,0.200000003,0.875263,0.5,positive
0.046239622,0.847224772,0.097752705,0,-0.797015,0.5,positive
0.119115897,0.83818239,0.030398611,-0.600000024,0.890683,0.5,neutral
9.39E-05,0.997778118,0.002031456,0,0.543569,0.861956179,positive
0.002511327,0.874026656,0.120308854,0.200000003,0.748178,0.5,neutral
0.011459677,0.978601038,0.008157147,0,0.764109,0.5,positive
0.011111263,0.838770211,0.142516822,0.800000012,0.861993,0.78377676,positive
0.005576287,0.966718376,0.025372958,0.300000012,0.544197,0.5,negative
0.005344052,0.934880912,0.058082338,0.400000006,0,0.5,negative
0.936458707,0.058072116,0.000712063,0.100000001,0.315046,0.208436102,negative
0.016904943,0.773104072,0.201189175,0.300000012,0.936501,0.5,neutral
0.217967689,0.755082428,0.014880002,0.100000001,0.874736,0.210022479,negative
0.227709994,0.751679897,0.014414763,0,0.537832,0.5,positive
0.014790569,0.969375253,0.013769087,0.100000001,0.846359,0.707274914,neutral
0.06060062,0.889684737,0.013982903,0,-0.516176,0.5,positive
0.022868183,0.5813995,0.386729449,0.300000012,0.993866,0.138783425,positive
0.128769368,0.852716267,0.011123483,0.300000012,0.624375,0.5,negative
0.706268668,0.21457465,0.029412625,0.200000003,0.705477,0.291643113,neutral
0.006160435,0.990295947,0.002111713,0.100000001,0.808037,0.5,positive
0.000100676,0.97393167,0.025755553,0.300000012,0.988372,0.5,positive
0.00041572,0.980417848,0.018441886,0.100000001,0.550082,0.5,positive
0.000500691,0.986992121,0.011694962,0.100000001,0.735057,0.5,neutral
0.005744561,0.973664105,0.016609689,0,0.706991,0.5,neutral
0.002125164,0.471959174,0.516441584,0.300000012,0.926988,0.5,negative
0.09783718,0.868624389,0.019101437,0.100000001,0.868932,0.5,neutral
0.000294712,0.981033564,0.017451858,-0.100000001,-0.490383,0.5,positive
0.200667277,0.650508225,0.023698309,0.100000001,0.92647,0.5,neutral
0.000764116,0.205029652,0.791790426,0.800000012,0.817268,0.804569066,positive
0.330459833,0.653186798,0.00722969,0.100000001,0.276185,0.096613079,neutral
0.037227307,0.906560779,0.048992224,0.100000001,0.53654,0.5,positive
0.247215077,0.531697094,0.182680786,0,0.878399,0.847902179,neutral
0.005326058,0.990330338,0.003308386,0,-0.542006,0.5,neutral
0.09311498,0.191803843,0.471494794,0.200000003,0.79026,0.912339449,positive
0.183399767,0.757272065,0.030646522,0.100000001,0.397991,0.5,neutral
0.239824146,0.624916255,0.056246992,0.100000001,0.547742,0.5,positive
0.837131858,0.096178167,0.008366361,0.100000001,-0.416124,0.5,positive
0.000175218,0.016932065,0.978469849,0.5,0.971096,0.93290031,neutral
0.038306773,0.740439355,0.186599225,0.400000006,0.958201,0.9013623,negative
0.647366166,0.307299227,0.008935152,0.200000003,0.822974,0.88906014,neutral
0.372956365,0.39629519,0.144533366,0,0.745698,0.301328301,neutral
0.198761061,0.409052819,0.293610811,0,0.702985,0.5,positive
0.240056142,0.180903733,0.292205542,0.100000001,0.484802,0.5,neutral
0.038335852,0.750008225,0.200631857,0.100000001,0.86626,0.5,neutral
0.10885895,0.468659997,0.307879239,0.100000001,0.79469,0.5,neutral
0.060662705,0.725899458,0.19618234,0,0.943884,0.806081414,neutral
0.187951595,0.800081015,0.005289045,0,0,0.5,positive
0.001695456,0.512839437,0.474381626,0.200000003,0.726676,0.815189481,neutral
0.572705865,0.137499258,0.035350375,0,-0.766256,0.158449948,neutral
0.732093394,0.162450701,0.010501901,0,0.398363,0.5,neutral
0.23000142,0.572291851,0.073336564,0.200000003,0.785619,0.758990765,positive
0.627572179,0.146301135,0.038213409,0,-0.328167,0.142382085,positive
0.015031879,0.975397885,0.007885005,0,0,0.5,positive
0.013938579,0.980189204,0.003987925,0,-0.864106,0.803309321,positive
0.004013542,0.855648458,0.123338118,0.200000003,0.610367,0.910819054,positive
0.214124948,0.182684287,0.357514858,0.100000001,0.568742,0.183080792,positive
0.126847968,0.061717611,0.494013369,0.400000006,0.812164,0.5,neutral
0.153670281,0.05053062,0.384185493,0,0.750001,0.895849347,positive
0.015168424,0.974225521,0.009071977,0,0,0.5,negative
0.586832225,0.171470419,0.02314779,0.100000001,0.455945,0.210862935,neutral
0.277460545,0.68821311,0.009109185,0,0.306471,0.5,negative
0.036832575,0.108719781,0.752657831,0.200000003,0.526904,0.688094079,neutral
0.074346371,0.639621973,0.252111077,0.699999988,0.770401,0.862673402,neutral
0.097431339,0.734512568,0.105065912,0,0.540509,0.5,neutral
0.181032717,0.636107922,0.021409886,0,-0.321422,0.811359286,positive
0.157704368,0.713633478,0.066202171,0,0.238007,0.713367164,neutral
0.36604774,0.25339064,0.049433392,0,-0.610602,0.173797399,neutral
0.275770068,0.660958409,0.027775142,0,0.422455,0.5,positive
0.007394199,0.985998631,0.005557022,0,0,0.5,neutral
0.006043553,0.856096566,0.134155095,0,0.92214,0.5,positive
0.049267933,0.875447571,0.022913234,0.100000001,-0.423646,0.5,positive
0.542874873,0.195003122,0.17813459,0.200000003,0.564103,0.830790639,neutral
0.019601209,0.878341734,0.071745269,0.300000012,0.676078,0.860188186,positive
0.012003456,0.12505798,0.815386653,0.300000012,0.769399,0.5,neutral
0.206397101,0.691605449,0.047925904,0,-0.476208,0.5,positive
0.19316262,0.537916303,0.245064527,0.100000001,0.661515,0.5,positive
0.403632045,0.3009817,0.084670842,0.300000012,0.587883,0.5,neutral
0.269175559,0.399656475,0.231500238,0,0.271278,0.309775084,positive
0.243769854,0.678134024,0.038029693,0,-0.563203,0.5,neutral
0.078621477,0.905488372,0.004717005,-0.100000001,-0.302954,0.5,positive
0.453400582,0.333644956,0.082934193,0,0.397607,0.5,positive
0.650537789,0.266722262,0.010591608,0,-0.292628,0.288621247,negative
0.775847852,0.087924451,0.006393744,0,0.910988,0.5,neutral
0.398992926,0.535721183,0.039936293,0,-0.489503,0.243556947,positive
0.180970579,0.197834864,0.342924148,0.300000012,0.614621,0.889313817,positive
0.175607011,0.763764501,0.036678772,-0.100000001,0.560945,0.811673522,negative
0.079116218,0.688481867,0.224468023,0,0.538907,0.897230506,positive
0.042437591,0.14075014,0.501943588,0.300000012,0.834654,0.917870104,neutral
0.170377567,0.798942983,0.007301439,0,0,0.5,neutral
0.749607325,0.185457036,0.00610764,-0.100000001,0.377375,0.260654926,positive
0.027987439,0.313444197,0.637053788,-0.100000001,-0.472066,0.810984075,positive
0.016693806,0.496850312,0.475770146,0.200000003,0.731032,0.929503202,positive
0.100289553,0.658921182,0.160182193,0,0.879638,0.893059015,positive
0.388073504,0.33285597,0.161946952,0.100000001,-0.664603,0.892662227,positive
0.141443267,0.83811444,0.006977606,-0.100000001,0.452528,0.782446504,neutral
0.609754622,0.180788994,0.049285572,0,0.392539,0.897461176,neutral
0.194759905,0.621993542,0.135979399,0.300000012,0.887301,0.942267299,positive
0.008893372,0.978133857,0.011477333,0,0,0.5,neutral
0.026084112,0.666705251,0.243098065,0.100000001,0.448959,0.5,positive
0.004352903,0.644013762,0.321432859,0.5,0.899654,0.926552415,neutral
0.146280631,0.145739049,0.473977476,0,0.578002,0.783708215,neutral
0.467475057,0.104704976,0.052453186,0,-0.320345,0.24572894,neutral
0.016470075,0.620429635,0.355007797,0.100000001,0.606283,0.690265059,positive
0.877203524,0.102121174,0.008730214,0,0.605313,0.098207504,positive
0.538263083,0.383582115,0.052195475,0,-0.598609,0.310906589,positive
0.127523229,0.856613755,0.007701238,0,0,0.180077523,neutral
0.019242093,0.085854419,0.844319522,0.400000006,0.59116,0.944001138,neutral
0.088183805,0.79475975,0.049492598,0.100000001,-0.279829,0.779053807,neutral
0.00334509,0.099232934,0.86186564,0.400000006,0.958033,0.972305954,positive
0.00334509,0.099232934,0.86186564,0.400000006,0.958033,0.972305954,neutral
0.027312212,0.927809238,0.040950108,0,0.287467,0.5,neutral
0.002543515,0.08489342,0.861724257,0.200000003,0.706083,0.827659965,neutral
0.005353232,0.914229214,0.077203996,0.300000012,0.828469,0.5,negative
0.03045694,0.919277132,0.042294893,0,0.670059,0.827779531,neutral
0.225472659,0.600470603,0.159125671,0,0,0.228467345,neutral
0.00012931,0.038626205,0.951324582,0.5,0.744345,0.862636328,neutral
0.068367712,0.865109801,0.04776952,0,0.787712,0.811107278,neutral
0.000101613,0.008474727,0.986332059,0.400000006,0.879966,0.996847928,positive
0.000135475,0.181909919,0.815047979,0.300000012,0.928132,0.95387876,positive
0.000658881,0.014886114,0.980531514,0.300000012,0.980897,0.969956517,neutral
0.003392417,0.015028924,0.974699378,0.600000024,0.961786,0.894983888,neutral
0.000235632,0.008275944,0.989939868,0.200000003,0.972037,0.934727371,positive
0.01316736,0.53416121,0.443894237,-0.200000003,0.816398,0.721630871,neutral
0.025746437,0.934160888,0.036840152,0,0,0.5,neutral
0.727453947,0.052138358,0.091178834,0.100000001,0.481744,0.5,neutral
0.498913735,0.387504935,0.02978096,-0.200000003,-0.946474,0.266269863,neutral
0.001462687,0.127895877,0.856605887,0.300000012,0.610232,0.76734668,positive
0.67756784,0.304985046,0.002078898,-0.100000001,-0.397035,0.5,positive
0.427720696,0.409939647,0.078945756,0,-0.318975,0.747482717,neutral
0.180740088,0.425252885,0.313114434,0,0.410351,0.5,positive
0.885604501,0.100462139,0.004839418,-0.300000012,0.495182,0.5,neutral
0.185987815,0.788649142,0.014291966,0,-0.481464,0.5,positive
0.020065034,0.324892968,0.603337288,0.400000006,0.658617,0.817547917,neutral
0.666010976,0.27221334,0.01070597,0,0.386943,0.5,neutral
0.001688671,0.895098805,0.101067647,0,0.929922,0.952288747,positive
0.029916389,0.672145367,0.267171055,0,0.283678,0.5,positive
0.40585798,0.479647785,0.009513697,0,0.501517,0.5,positive
0.008671388,0.964490175,0.025230089,0,0.79554,0.5,positive
0.26887396,0.378681272,0.260627985,0.400000006,0.324568,0.5,positive
0.102130748,0.466134518,0.3725034,0.400000006,0.781198,0.5,neutral
0.314221203,0.356458485,0.139338329,0.100000001,0.534997,0.5,neutral
0.014062019,0.973902762,0.005281154,0,0.399139,0.5,neutral
0.09112829,0.511379778,0.186476067,0.600000024,0.948608,0.918569863,positive
0.573482633,0.328702867,0.018468134,0,-0.797549,0.062187761,positive
0.01529591,0.841985822,0.126912355,0.100000001,-0.9281,0.5,positive
0.268172801,0.60836935,0.0536438,0,-0.720682,0.5,positive
0.08490026,0.904777527,0.001985278,0,0.787712,0.816239357,neutral
0.009634583,0.971778333,0.015747605,0.100000001,0.747442,0.5,positive
0.062346332,0.883411527,0.044200916,0,0.797277,0.5,positive
0.072433673,0.032869775,0.710456848,0.5,0.710978,0.211786926,neutral
0.202058926,0.279024065,0.341215253,0.200000003,-0.28769,0.173043698,neutral
0.435560346,0.4702425,0.023719961,0.600000024,-0.761083,0.238986433,positive
0.031338956,0.304689735,0.60518539,0.200000003,0.645909,0.720672131,positive
0.025241131,0.289449364,0.496051162,0.400000006,0.597316,0.756775618,positive
0.085049741,0.872365832,0.01921168,0,0.787712,0.5,positive
0.005950849,0.98227787,0.009779668,0,0,0.768132925,neutral
0.129819885,0.82517153,0.035654787,0,-0.567913,0.5,positive
0.079376914,0.901921988,0.007287379,0,0.469475,0.5,neutral
0.216458455,0.687187552,0.045051325,0,-0.650497,0.267387122,positive
0.164240494,0.727619886,0.035470966,0.200000003,-0.308416,0.090497524,neutral
0.003146214,0.937388182,0.054494813,0,0.649756,0.5,neutral
0.002995596,0.138791099,0.829746187,0.600000024,0.901826,0.937886477,positive
0.006531172,0.513332784,0.461996287,0.400000006,0.885107,0.946866691,neutral
0.033164814,0.83034873,0.12964125,0,0.993838,0.966482401,positive
4.22E-05,0.011695532,0.985336006,0.600000024,0.75302,0.970626235,negative
0.006194508,0.233212903,0.741422415,0,0.797806,0.5,neutral
0.09610147,0.875077724,0.01938918,0,0,0.792286158,positive
0.084784552,0.431349188,0.364705771,0.200000003,0.820482,0.5,neutral
0.085519724,0.651016533,0.231052414,0.200000003,0.686006,0.814305186,neutral
0.031602997,0.301200271,0.513872504,0.400000006,0.594743,0.5,negative
0.130940944,0.453393221,0.382390618,0,0.262694,0.5,neutral
0.006966296,0.186267018,0.797009349,0,0.825274,0.944996774,neutral
0.012596183,0.501791358,0.459517777,0.200000003,0.818545,0.5,positive
0.058218427,0.899534225,0.032146197,0.100000001,0,0.115031302,neutral
0.038725734,0.93262732,0.016866485,0.100000001,0.824673,0.940253019,neutral
0.714000344,0.253811866,0.005411923,0,-0.516617,0.17690137,neutral
0.099279948,0.833705246,0.034735151,0.400000006,0.945456,0.5,positive
0.042734735,0.471205771,0.39722082,0.200000003,0.571632,0.236920685,neutral
0.000633363,0.332309455,0.661627352,0.699999988,0.97024,0.781325936,neutral
0.002402246,0.213798359,0.77599293,0,0.617437,0.816646874,neutral
0.059425686,0.924284756,0.007116978,0,0.726032,0.845832407,negative
0.032554843,0.538057327,0.415843457,0,0.988573,0.934901118,neutral
0.009266673,0.652361989,0.322728068,0.100000001,0.802682,0.694928765,negative
0.007189569,0.571076691,0.407615662,0.100000001,0.807971,0.950837612,neutral
0.001183569,0.132634103,0.862116277,0.800000012,0.853313,0.8913306,negative
0.044122431,0.85979414,0.081321925,0,0.686428,0.5,positive
0.081942484,0.83864218,0.035999093,0.100000001,0.440749,0.5,positive
0.033229534,0.682985842,0.23755832,0.300000012,0.762429,0.5,neutral
0.001006356,0.603934169,0.392261177,0.300000012,0.580493,0.872249126,positive
0.698414564,0.090147763,0.015916988,0.300000012,-0.45754,0.839352965,neutral
0.355530739,0.261813402,0.267397195,0,0.420096,0.797748983,neutral
0.48214072,0.425925732,0.019258358,0,-0.261814,0.772181511,neutral
0.000375481,0.033538662,0.954358697,0.400000006,0.745957,0.953469753,neutral
0.137150675,0.379425585,0.421575963,0,0.754432,0.740954041,positive
0.205238447,0.67389667,0.091274105,0,0,0.5,neutral
0.779688597,0.040525485,0.024744291,0,-0.33841,0.783311844,positive
0.543376207,0.167099118,0.166453138,0.100000001,0.29042,0.5,positive
0.000605867,0.13054736,0.852928579,0.200000003,0.831013,0.5,positive
0.013846642,0.975703061,0.008551742,0,0,0.5,neutral
0.126635432,0.865162134,0.001910972,0,-0.577961,0.5,neutral
0.521662712,0.158348784,0.044742022,0,0.363535,0.217733502,neutral
0.949916184,0.035448074,0.000804719,0,-0.70231,0.23563987,positive
0.321021676,0.577986717,0.02728319,0,0.546852,0.819231451,neutral
0.119994394,0.475850195,0.356614113,0,0.93541,0.76199156,neutral
0.00010068,0.178565085,0.817717075,0.800000012,0.978259,0.948441267,neutral
0.054190867,0.940610051,0.002850544,0,0,0.5,positive
0.487768352,0.462654859,0.010715247,0.200000003,-0.416445,0.5,neutral
0.887408078,0.050092258,0.003483807,0,0.369777,0.18878451,positive
0.232357353,0.317772239,0.38437289,0.200000003,0.624818,0.5,neutral
0.071646921,0.732095182,0.177351639,0.300000012,0.789929,0.5,negative
0.018327409,0.646021247,0.312571347,0.300000012,0.68982,0.5,positive
0.809511185,0.15260984,0.005180448,0,-0.312544,0.197266638,neutral
0.157329828,0.795717716,0.021614362,0,0.615546,0.751855016,neutral
0.048372004,0.89957267,0.025119435,-0.100000001,0.28335,0.782812297,positive
0.00439918,0.292789042,0.541698098,0.800000012,0.725523,0.883550525,positive
0.097097486,0.892632425,0.005260453,0,0,0.5,positive
0.18429555,0.697974384,0.046330567,0,0.556263,0.883951724,positive
0.004882501,0.723263919,0.248933509,0.200000003,0.464288,0.881769896,positive
0.136569276,0.399164945,0.147512063,0,-0.293799,0.301752567,neutral
0.647763968,0.236700863,0.005312953,-0.100000001,0.359051,0.923885465,positive
0.520825922,0.197561041,0.126027808,0.200000003,0.622327,0.805712938,neutral
0.012331516,0.494968832,0.417466938,0.200000003,0.537833,0.230951339,positive
0.019483538,0.501234114,0.442070961,0.100000001,0.955481,0.319196105,negative
0.175783351,0.583784163,0.065747537,0.800000012,0.804337,0.752988696,positive
0.040765677,0.085696883,0.844541073,0.200000003,0.732049,0.5,neutral
0.072960213,0.294406563,0.514027178,-0.100000001,0.81307,0.5,neutral
0.023185313,0.52145952,0.376494795,0.5,0.649016,0.844285071,positive
0.084031664,0.593532622,0.255001277,0.200000003,0.554691,0.5,neutral
0.018504899,0.359969139,0.611604154,0,0.988573,0.939545095,positive
0.000126011,0.442964226,0.556290209,0.899999976,0.985928,0.883291721,positive
0.002634522,0.80845511,0.18658562,0.200000003,0.895645,0.94112128,positive
0.004821907,0.150610209,0.830761194,0.200000003,0.930705,0.878716946,neutral
0.002517194,0.111372143,0.86023134,0.200000003,0.674674,0.852011204,neutral
0.058372889,0.549842298,0.291192621,0.300000012,0.666868,0.5,positive
0.008189658,0.201485589,0.756139219,0.400000006,0.876098,0.764466107,negative
0.001530442,0.882916749,0.114167243,0.899999976,0.570632,0.5,positive
0.135692462,0.768000543,0.033020575,0,0.637883,0.760983169,positive
0.862165391,0.098861106,0.005500367,0,0.707902,0.843037307,negative
0.052570943,0.6724388,0.249064565,0.5,0.809205,0.792762041,neutral
0.083972476,0.628987491,0.261095196,0.400000006,0.509612,0.5,neutral
0.003919419,0.141767755,0.848065197,0.800000012,0.914649,0.946841598,positive
0.051699318,0.762722433,0.175410628,0,0.946867,0.848502994,positive
0.233249664,0.758399189,0.003036041,0,0,0.5,neutral
0.21997267,0.40037939,0.238862529,0.100000001,0.934934,0.887546659,positive
0.1661814,0.726474643,0.064547874,0.100000001,0.988573,0.807942092,positive
0.148605853,0.741859078,0.086532377,0.100000001,0.770914,0.5,neutral
0.892623723,0.055153787,0.010648493,0,0.350155,0.5,neutral
0.501887202,0.122680523,0.05732907,0.100000001,0.842878,0.17489171,positive
0.011804121,0.40448156,0.564812064,0.400000006,0.792964,0.5,positive
0.191943079,0.108337812,0.640247345,0.300000012,0.7637,0.5,neutral
0.00027175,0.005998632,0.985223413,0.800000012,0.98259,0.238628238,positive
0.001003376,0.389345914,0.606468379,0.800000012,0.881942,0.939823329,neutral
0.037048325,0.259694636,0.577219367,0.400000006,0.722271,0.932921886,neutral
0.042033512,0.943480313,0.011455799,0,0,0.5,neutral
0.000786519,0.025897354,0.962899923,0.200000003,0.885429,0.825889945,positive
0.444729418,0.456582278,0.077580944,0.400000006,0.590299,0.845148206,positive
0.626495004,0.143408045,0.103593916,0,-0.450871,0.5,positive
0.012370596,0.548123479,0.419068813,0.100000001,0.780074,0.826100707,neutral
0.215443403,0.667373002,0.083689839,0,0.338476,0.895338595,neutral
0.004609696,0.906713128,0.086787164,0.699999988,0.768064,0.5,neutral
0.000467368,0.853307486,0.142570332,0,0.790109,0.5,negative
0.000249188,0.055241387,0.941437244,0.400000006,0.624455,0.791801572,positive
0.024892155,0.760939002,0.204349235,0.400000006,0.773587,0.692721665,positive
0.148945451,0.65019685,0.109090127,0.400000006,0.932699,0.840253532,positive
0.788458705,0.112398796,0.034503799,-0.200000003,0.921084,0.5,neutral
0.110830769,0.848116994,0.027955595,0.300000012,0.990811,0.5,neutral
0.011189999,0.087520346,0.862068713,0.100000001,0.866041,0.821538925,neutral
0.727182031,0.242229864,0.012149561,-0.200000003,-0.51511,0.5,neutral
0.585364342,0.288307071,0.11020875,0.200000003,0.776722,0.839996994,negative
0.023724442,0.775642931,0.187458247,0.100000001,0.967381,0.5,neutral
0.147740841,0.512537479,0.311503947,0.5,0.858453,0.5,positive
0.175638869,0.45057568,0.262558997,0.200000003,0.868761,0.775362134,neutral
0.163350925,0.323357612,0.4349536,0.200000003,0.678335,0.934353828,positive
0.090022422,0.817992032,0.085548989,0.899999976,0.790629,0.5,neutral
0.000950658,0.009481919,0.952349424,0.600000024,0.909861,0.983209431,positive
0.001743849,0.085731044,0.904290199,0.899999976,0.960368,0.864156127,neutral
0.006774261,0.588801146,0.391762555,0.699999988,0.857108,0.5,neutral
0.014130431,0.445201427,0.520208478,0.5,0.881689,0.85322094,positive
0.059762739,0.584300578,0.292756438,0.200000003,0.820002,0.5,positive
0.018677773,0.795658469,0.169664308,0.200000003,0.755626,0.5,negative
0.013945552,0.53458333,0.424678534,0.100000001,0.757701,0.895024657,neutral
0.550125897,0.274895936,0.007447633,0,0,0.5,positive
0.031991094,0.387429297,0.524870634,0.200000003,0.729392,0.880148947,negative
0.016595736,0.806935966,0.166391149,0.400000006,0.600018,0.5,negative
0.00552782,0.44726488,0.541065454,0.699999988,0.91543,0.962815046,negative
0.003093335,0.295098543,0.672492027,0.200000003,0.834388,0.936113477,neutral
0.022836724,0.712761104,0.244331762,0.5,0.855822,0.816468656,positive
0.493771613,0.452684492,0.010649535,0,-0.529894,0.294215858,negative
0.019039597,0.416945726,0.468810648,0.400000006,0.950472,0.990534484,positive
0.00120629,0.140329078,0.824702501,0.5,0.851961,0.950754166,positive
0.016588368,0.119372755,0.801633298,0.400000006,0.701787,0.217299283,positive
0.78751111,0.156525299,0.020504279,0.100000001,-0.295913,0.5,neutral
0.028692482,0.69127357,0.268200874,0,0.889469,0.848502994,neutral
0.001618815,0.970252156,0.026968842,0,0.5363,0.887326062,positive
0.150005013,0.222398221,0.574492753,0.100000001,0.69752,0.95699501,positive
0.004917962,0.98170048,0.012214354,0,0,0.5,positive
0.363328606,0.568593562,0.036275052,0.100000001,0.642833,0.5,positive
0.044872921,0.779874861,0.163898364,0,0.963146,0.817427576,positive
0.105893821,0.540164709,0.28571251,0,0.466447,0.5,positive
0.050348219,0.147757351,0.7212345,0.600000024,0.700502,0.96275574,positive
0.242207125,0.123953432,0.361780494,0.300000012,0.856899,0.904058635,neutral
0.160774529,0.792896271,0.032452319,0,-0.537071,0.5,neutral
0.012070763,0.680833638,0.291541874,0.300000012,0.634334,0.5,neutral
0.001450903,0.772722244,0.222753361,0.200000003,0.972614,0.81041193,neutral
0.002565175,0.270006984,0.722694337,0.300000012,0.705909,0.20693028,negative
0.061477762,0.488915622,0.404207587,0.200000003,0.750717,0.923184037,neutral
0.566073895,0.292801052,0.040164139,-0.100000001,0.852437,0.191482604,positive
0.005178273,0.325564325,0.647260666,0.600000024,0.709139,0.5,neutral
0.007127685,0.502656698,0.474983931,0.5,0.606475,0.5,positive
0.005393287,0.595391035,0.371280313,0.200000003,0.954572,0.8367998,positive
0.01036222,0.85695982,0.119650953,0,0.313474,0.772448659,neutral
0.012319018,0.855082512,0.119709775,0.100000001,-0.290426,0.5,neutral
0.009072434,0.981314957,0.006837432,0.300000012,0.678977,0.5,positive
0.067117706,0.815639615,0.094404556,0.100000001,0.756004,0.5,positive
0.009694471,0.126339346,0.828539431,0.200000003,0.444845,0.5,positive
0.052008487,0.512911797,0.369989127,0.300000012,0.754926,0.897442579,neutral
0.558270872,0.299872369,0.102149732,0.600000024,0.784773,0.873537719,positive
0.000837127,0.035888653,0.948131084,0.699999988,0.938937,0.995576739,positive
0.052299511,0.719908834,0.215054035,0,0.788573,0.908858418,positive
0.039356042,0.534612536,0.397457182,0.400000006,0.890045,0.955406606,positive
0.026757775,0.872912884,0.09499716,0.200000003,0.499295,0.784466565,neutral
0.000645762,0.487452865,0.507718146,0.400000006,0.968672,0.5,positive
0.001815134,0.56645298,0.427383721,0.300000012,0.746862,0.806524217,neutral
5.41E-05,0.639560759,0.359542429,0.800000012,0.881195,0.5,positive
0.000151784,0.008285094,0.990426481,0.5,0.852875,0.5,positive
0.272138,0.680996895,0.034774829,0,0.771122,0.5,neutral
0.000616988,0.235746622,0.759936035,0.200000003,0.793376,0.948224187,positive
0.559930086,0.182829022,0.027373079,0,0.406283,0.762689114,positive
0.000764422,0.689411461,0.306247264,0.200000003,0.81545,0.5,positive
0.02681149,0.911464632,0.038550083,-0.100000001,-0.425477,0.200048178,positive
0.003870169,0.653065264,0.340608746,0,0.895265,0.916639209,neutral
0.038985766,0.713276625,0.236405402,0.5,0.895277,0.765065908,neutral
0.000136891,0.410918683,0.587988853,0.5,0.950181,0.881797969,positive
0.001968908,0.07864707,0.911012828,0.899999976,0.991036,0.863826513,positive
0.000928325,0.80250001,0.193751454,0.300000012,0.851737,0.5,positive
0.003009936,0.950874388,0.044144098,0.300000012,0.839821,0.786136687,neutral
0.006158567,0.406470269,0.581529319,0.800000012,0.983031,0.877524614,positive
0.000515499,0.178353906,0.817217052,0.200000003,0.937601,0.728462636,neutral
0.058707729,0.362875462,0.520624399,0.100000001,0.793066,0.820838869,positive
0.013227241,0.204686016,0.775205195,0,0.980856,0.869277239,positive
0.000176897,0.025081974,0.968633235,0.5,0.898772,0.980450392,neutral
0.016495803,0.972416103,0.009341295,0,-0.814686,0.250617623,negative
0.004155733,0.80940485,0.183558062,0.300000012,0.955687,0.956206739,positive
0.008488458,0.961539507,0.026832966,0,0.955055,0.801919937,positive
0.000477268,0.893059671,0.105187103,0.300000012,0.975606,0.73599416,neutral
0.513219953,0.362585127,0.012930925,0,0.909384,0.217009932,neutral
0.187625319,0.672664642,0.105113208,0.100000001,0.495636,0.824749589,neutral
0.001574278,0.970933378,0.025386082,0.100000001,0.897092,0.5,neutral
8.55E-06,0.029090554,0.970613897,0.200000003,0.437006,0.909258902,neutral
0.005747675,0.946612656,0.046012636,0,0,0.5,neutral
0.002498086,0.948435009,0.047008127,0,0.892057,0.5,neutral
0.001546524,0.700228214,0.296957314,0.100000001,0.841734,0.5,positive
0.373216778,0.424759805,0.020608863,-0.100000001,0.579855,0.5,neutral
0.093940675,0.492058128,0.400520384,0.100000001,-0.728383,0.5,neutral
0.003780877,0.939809501,0.049061254,0.200000003,0.641245,0.5,neutral
0.036595467,0.798616886,0.154437363,0.5,0.72715,0.86036706,neutral
0.001857842,0.937815011,0.05880338,0.200000003,0.979426,0.5,neutral
0.520053387,0.465698183,0.001748365,-0.600000024,0.755537,0.28016746,neutral
0.389820814,0.574078143,0.014083457,0.100000001,0.752329,0.756196916,neutral
0.642746031,0.13201566,0.005430682,0,-0.573334,0.5,negative
0.00171606,0.11284285,0.8780545,0.300000012,0.895395,0.912414074,negative
0.133840293,0.752090275,0.10384497,-0.100000001,0.684833,0.5,positive
0.029649859,0.901805162,0.06063265,0,0,0.738572001,positive
0.000138847,0.007678509,0.989048839,0.899999976,0.993566,0.949406326,neutral
0.001042708,0.605916619,0.391886652,0.100000001,0.835607,0.194451481,negative
0.007022947,0.744395912,0.245191798,0.200000003,0.850099,0.873492956,positive
0.001426675,0.783950508,0.212761059,0.300000012,0.770724,0.841409743,negative
0.00043653,0.988988459,0.009420407,0.200000003,0.655321,0.741582394,positive
0.012185204,0.96060884,0.024973605,0.200000003,0.599819,0.806278944,neutral
0.001653644,0.990997672,0.006659585,-0.200000003,0.622904,0.5,neutral
0.001458234,0.122621462,0.872489691,0.699999988,0.733031,0.945243239,neutral
0.002672471,0.962639928,0.033560555,0,0.651518,0.5,neutral
0.028397365,0.95562315,0.009190154,-0.200000003,0.545683,0.5,neutral
1.47E-05,0.98949337,0.010358705,0.200000003,0.782407,0.754377663,negative
0.002712862,0.499597877,0.460699648,0.5,0.84522,0.850092173,neutral
9.73E-05,0.488325536,0.510371208,0.600000024,0.949457,0.910721183,positive
0.001914638,0.979045093,0.016326468,0,-0.563514,0.5,neutral
0.310649633,0.582935512,0.036668491,0,0.481895,0.5,negative
0.134052277,0.747943342,0.068817161,-0.300000012,-0.366171,0.296539009,neutral
0.000207002,0.360792577,0.637986541,0.300000012,0.34082,0.766639948,neutral
0.499176323,0.461919963,0.017560761,0,-0.401709,0.5,neutral
0.000895008,0.144982755,0.833008528,0.200000003,0.83835,0.945289254,neutral
0.000790615,0.992467463,0.006356576,0.300000012,0.956934,0.5,positive
0.012935067,0.780849874,0.166003957,0.300000012,0.743256,0.828438878,neutral
0.168365419,0.779635847,0.03827687,-0.400000006,-0.455532,0.5,positive
0.018190172,0.438902497,0.534977257,0,0.586789,0.5,positive
4.39E-05,0.988215327,0.01153896,0.400000006,0.515628,0.215285629,neutral
0.000762439,0.847470343,0.149431586,0.400000006,0.452493,0.5,positive
0.007547606,0.670358241,0.292739749,0.200000003,0.828859,0.85337615,positive
0.019874644,0.419222414,0.540282965,0.200000003,0.878818,0.943601847,neutral
0.003266805,0.12924023,0.86397475,0,0.965053,0.966298938,neutral
0.00177193,0.205756232,0.773031175,0.400000006,0.745106,0.944000006,neutral
0.00101927,0.971023142,0.026740719,0,0.619262,0.280761659,positive
0.038158312,0.448315948,0.462049425,0.200000003,0.584692,0.932329535,positive
0.156255469,0.689812779,0.03272678,-0.600000024,0.470844,0.124464124,positive
0.247519612,0.658663452,0.040577773,0,0.898431,0.266562372,positive
0.001070474,0.985239029,0.013098809,0.100000001,0.637461,0.5,positive
0.320973426,0.291009426,0.096370079,0,0.387857,0.5,neutral
0.134440631,0.829129219,0.024393819,0,0,0.5,positive
0.014442572,0.288199067,0.646751463,0.300000012,0.659025,0.5,positive
0.020666422,0.579488814,0.388198018,0.5,0.920361,0.5,positive
0.031776838,0.082718574,0.340287298,0.400000006,0.597141,0.812016904,positive
0.000631719,0.248628303,0.738691092,0.100000001,0.693204,0.905880928,positive
0.033967365,0.284001738,0.5498842,0.200000003,0.480309,0.961765647,neutral
0.000181141,0.113683261,0.883785307,0.5,0.880155,0.5,positive
0.000774274,0.024585752,0.962481856,0.400000006,0.775597,0.954662681,neutral
0.034568079,0.779862285,0.145192131,0.300000012,0.385666,0.774806082,positive
0.648851216,0.286165446,0.034748275,0.300000012,0.787726,0.5,neutral
0.043372918,0.205457106,0.648253679,0.200000003,0.755026,0.937083542,positive
0.000817763,0.093949974,0.895591617,0.5,0.898358,0.965430737,negative
0.000341032,0.729605675,0.26763317,0.300000012,0.739103,0.926674128,negative
2.20E-05,0.007798327,0.990981519,0.600000024,0.929227,0.983035803,neutral
0.016717197,0.227801532,0.740586638,0,0.545944,0.935329974,neutral
2.28E-05,0.916624486,0.083162256,0.300000012,0.879051,0.5,negative
3.42E-05,0.938147664,0.061523791,0,0.920533,0.5,neutral
0.000331825,0.257407784,0.737211943,0,0.730438,0.794102669,positive
0.00018501,0.981190562,0.018089503,0,0.81206,0.926841378,positive
0.002788441,0.236630052,0.755907297,0.300000012,0.670604,0.791775942,negative
0.000374988,0.7194888,0.277732909,0.5,0.985965,0.987825692,positive
0.005046947,0.785966814,0.206999362,0.400000006,0.860745,0.918468595,neutral
4.43E-05,0.994135141,0.00568116,0.200000003,0.849638,0.757484913,neutral
4.86E-05,0.01654125,0.980911851,0.600000024,0.899357,0.973477721,neutral
0.000792553,0.871768773,0.125230998,0.200000003,0.718201,0.931987524,positive
0.290140778,0.673071027,0.009356847,0,0.517962,0.5,neutral
0.169891208,0.803839266,0.015477958,0,0.460557,0.5,negative
0.227586642,0.513871908,0.168458596,0.200000003,0.4763,0.5,positive
0.010896999,0.102948226,0.610130906,0,0.43177,0.762836576,positive
0.005594408,0.975142956,0.017080972,0.400000006,-0.339268,0.5,neutral
0.001519704,0.989895701,0.007619688,0.200000003,0.554099,0.5,positive
0.001992157,0.996726394,0.000865554,0,-0.297692,0.5,positive
0.000993401,0.893650889,0.10247463,0.200000003,0.832177,0.5,positive
2.22E-05,0.909334719,0.089937381,0.300000012,0.790169,0.857186913,positive
0.000388515,0.943188488,0.054029204,0.200000003,0.414467,0.5,neutral
0.025100552,0.957834482,0.015416051,0,0,0.5,negative
0.000294007,0.684753656,0.312884122,0.300000012,0.45516,0.900881767,neutral
0.000595492,0.997478783,0.001728106,0,0.650803,0.294233233,positive
0.005334202,0.710318267,0.277021378,0.300000012,0.722515,0.936810672,negative
0.016859466,0.477699131,0.485598028,0.5,0.726352,0.905555844,neutral
0.001172723,0.959474504,0.037609939,0.400000006,0.75211,0.5,positive
0.004443294,0.791955113,0.198575169,0.200000003,0.669397,0.855901957,positive
3.95E-05,0.968009531,0.031522684,0.100000001,0.651794,0.5,positive
0.005610454,0.990115285,0.003660063,0,0.600227,0.5,negative
8.90E-05,0.026550336,0.970158696,0.5,0.916037,0.933755279,positive
0.000155243,0.106769063,0.888357222,0.200000003,0.935104,0.971060336,positive
0.000626001,0.034887649,0.948214471,0.300000012,0.543098,0.232561767,positive
0.272967905,0.494794935,0.045692354,0,0.637703,0.5,negative
0.219686612,0.352149427,0.256130487,0,0.624872,0.89790839,positive
0.058936484,0.213804051,0.687555492,0.600000024,0.927753,0.979506731,neutral
0.434176654,0.365899533,0.039453983,-0.5,0.475637,0.5,neutral
0.003151689,0.623922646,0.358604312,0.200000003,0.96529,0.5,neutral
0.119913422,0.746121585,0.067804299,0,0.689525,0.765378654,neutral
0.185068235,0.723280191,0.045291789,0.200000003,-0.262622,0.5,positive
0.174122289,0.403410226,0.173247337,0,0.538188,0.5,neutral
0.046517424,0.894808114,0.030166635,0,0.456468,0.5,neutral
0.000653416,0.666392028,0.328167647,0.300000012,0.76608,0.5,neutral
0.031694904,0.817765772,0.111819573,0.100000001,0.796897,0.5,positive
0.257414043,0.297495395,0.156747535,0,-0.434167,0.076936603,positive
0.224392056,0.158748642,0.155410573,0,-0.297509,0.5,neutral
0.714872718,0.105306119,0.023398733,-0.200000003,0.306158,0.182289004,positive
0.007376646,0.984951913,0.006658921,0,0,0.5,positive
0.033665277,0.832984984,0.080854408,0.200000003,0.430197,0.833285868,neutral
0.016020831,0.865383923,0.096506909,0.300000012,0.925357,0.5,neutral
0.359294862,0.536962688,0.045171637,-0.100000001,-0.354365,0.5,positive
0.010815361,0.927954555,0.050252814,-0.5,0.798027,0.5,positive
0.006209828,0.691108704,0.246650279,0.200000003,0.511644,0.915379465,positive
0.001171986,0.879138172,0.117452517,0,0.742786,0.774893999,neutral
0.199344426,0.552308857,0.104863636,0.300000012,0.679952,0.5,positive
0.010207655,0.224789292,0.634027481,0.200000003,0.868214,0.921673298,positive
0.013938372,0.145846501,0.761670768,0.300000012,0.777627,0.893555045,positive
0.098539628,0.732648969,0.10720887,0.300000012,0.560081,0.5,negative
0.041899733,0.117143728,0.637169003,0.5,0.627228,0.5,neutral
0.393914819,0.380424351,0.044117101,0,0,0.5,neutral
0.00093242,0.940946937,0.054526065,0.200000003,0.755553,0.5,neutral
0.028885696,0.263310403,0.587867022,0.300000012,0.981095,0.941227078,neutral
0.171441242,0.256391495,0.429017842,0.100000001,0.484005,0.21972242,neutral
3.35E-05,0.970962703,0.028811203,0.400000006,0.687544,0.5,neutral
0.089435421,0.64416796,0.205549911,0.200000003,0.725838,0.247486085,positive
0.192151457,0.616238773,0.08025112,0,0.373961,0.293312132,positive
0.456728756,0.387026936,0.041575629,0,0.673008,0.700028598,positive
0.585684001,0.151468724,0.021147685,0,-0.244793,0.252166152,neutral
0.067896046,0.510952175,0.344082743,0.100000001,0.9016,0.5,neutral
0.934873641,0.040488482,0.000606087,-0.600000024,-0.253224,0.831195116,positive
0.029128132,0.735535026,0.182880357,0.200000003,0.909466,0.5,negative
0.009170052,0.475324005,0.504099667,0.5,0.890158,0.79632926,neutral
0.003786955,0.493416756,0.479499578,0,0.775962,0.772262156,neutral
0.003750306,0.07472346,0.880384088,0.200000003,0.663005,0.871497154,positive
0.017900154,0.940936506,0.036203183,0.400000006,-0.662903,0.673896492,neutral
0.414475024,0.041957915,0.055820473,0.300000012,0.636341,0.762656927,positive
0.01721018,0.942894399,0.03750911,0.100000001,0.606575,0.5,neutral
0.040913641,0.899425507,0.047355324,-0.200000003,-0.393057,0.81874764,positive
0.338562787,0.628558457,0.018361131,-0.300000012,-0.329223,0.108775258,positive
0.226621449,0.451493591,0.197415352,0,0.580363,0.5,positive
0.023815768,0.407058358,0.487865657,0.899999976,0.897534,0.861398041,positive
0.047944508,0.609870493,0.271067083,0.300000012,0.676839,0.74094063,neutral
0.000126195,0.99495393,0.004570938,0,-0.685627,0.5,positive
0.002840382,0.892173052,0.094813094,0,0.69022,0.5,positive
0.004702582,0.274053365,0.679145753,0.400000006,0.71776,0.877067327,neutral
0.079951838,0.810463786,0.080986127,0.100000001,0.820639,0.5,positive
0.022268025,0.551279664,0.381531715,0.300000012,0.820335,0.96350944,negative
0.006536582,0.532970965,0.443007767,0.400000006,0.889432,0.911557198,positive
0.060358096,0.518318951,0.312241137,0.300000012,0.672667,0.5,positive
0.005587525,0.799922049,0.178195894,0.200000003,0.543158,0.5,positive
0.048041441,0.865454674,0.068974584,0,0.684093,0.5,negative
0.028950453,0.498856008,0.452182084,0.300000012,0.856479,0.5,neutral
0.012894415,0.185427979,0.765722394,0.5,0.929853,0.955634475,positive
0.280731022,0.553044021,0.093709439,0.200000003,0.756615,0.906221747,positive
0.176628813,0.685302138,0.077854261,0,0.838811,0.841850519,positive
0.180614486,0.587931275,0.076563552,0.300000012,0.72151,0.953977346,positive
0.056143437,0.919831216,0.009617237,0.100000001,0.463839,0.864478707,neutral
0.015333978,0.968541324,0.011863546,0.200000003,0.490863,0.84974581,neutral
0.010687217,0.90161401,0.07008452,0.200000003,0.866997,0.5,neutral
0.063166909,0.604285955,0.271475136,0.300000012,0.711296,0.5,neutral
0.014611994,0.978425562,0.005648189,0,0,0.5,positive
0.056683082,0.939942062,0.000268455,-0.100000001,0.273772,0.5,positive
0.528982997,0.444316179,0.005435824,0,0.949471,0.5,negative
0.01542027,0.786697626,0.170453772,0,0.58976,0.867311358,positive
0.06191621,0.366259992,0.428802222,0.100000001,0.470778,0.717953026,negative
0.006098098,0.956240654,0.029954946,0,0.805351,0.5,positive
0.190050289,0.729713023,0.025485218,-0.100000001,0.513431,0.5,neutral
0.037658863,0.778988183,0.136485696,0.100000001,0.65544,0.5,positive
0.078053944,0.875138879,0.032588679,0.100000001,0.531881,0.285148352,negative
0.41780594,0.470116526,0.041510731,0.200000003,0.71358,0.78847152,negative
0.152350277,0.674526155,0.110639334,-0.100000001,0.562288,0.5,positive
0.064147778,0.916374743,0.004275146,0,0.437375,0.5,positive
0.630312204,0.309089363,0.008132495,0,0.526945,0.5,neutral
0.002582805,0.243893713,0.536105633,0.100000001,0.539347,0.92611897,positive
0.029361999,0.266759723,0.636459708,0.100000001,0.762816,0.5,negative
0.053311776,0.929166257,0.013799652,0,0,0.5,positive
0.040454909,0.734124184,0.187822923,0.400000006,0.819729,0.5,positive
0.025986847,0.858831704,0.087217025,0.100000001,0.625855,0.5,neutral
0.007040369,0.405485511,0.569127917,0.200000003,0.678132,0.948078871,positive
0.027623916,0.834651887,0.104761876,0,0.559572,0.5,negative
0.050311469,0.828317046,0.087414555,0.400000006,0.936606,0.5,neutral
0.08364027,0.787133396,0.104150616,0.200000003,0.623617,0.5,positive
0.039684705,0.649050891,0.106807202,0.200000003,0.49664,0.855626643,positive
0.005415339,0.486187667,0.486001015,0.300000012,0.837132,0.742953062,negative
0.318011254,0.482739508,0.073615812,0,0.45263,0.5,positive
0.093585476,0.781857669,0.05697063,0.200000003,0.468127,0.5,neutral
0.035531439,0.754180253,0.180848956,0.100000001,0.521754,0.5,positive
0.065664493,0.862453997,0.063101955,0.100000001,0,0.721441507,neutral
0.000502381,0.022122419,0.960146189,0.100000001,0.822532,0.961006999,neutral
0.005295051,0.986492932,0.006106737,0.100000001,0.599695,0.7697469,negative
0.00568396,0.457615525,0.509309649,0,0.423065,0.915786505,positive
0.000315442,0.897214174,0.100575998,0.300000012,0.76439,0.5,positive
0.000197412,0.005709283,0.989253461,0.699999988,0.985224,0.994999886,positive
3.70E-05,0.93958962,0.060005706,0.600000024,0.965167,0.5,neutral
0.001266653,0.669572711,0.326553673,0.699999988,0.975852,0.932942986,negative
0.004997401,0.700925052,0.268850088,0.200000003,0.445194,0.928531468,positive
0.000181262,0.880227327,0.118138373,0.200000003,0.849288,0.826752186,positive
0.000913928,0.722059965,0.273701549,0.400000006,0.915434,0.5,positive
0.000765684,0.963900924,0.033925619,0,0.70598,0.5,positive
0.000922941,0.655729592,0.338577926,0.300000012,0.911226,0.766390085,neutral
0.000276057,0.886389792,0.112643525,0.5,0.852743,0.869437099,neutral
0.033398077,0.812174559,0.113745399,-0.100000001,-0.53742,0.5,negative
0.005279466,0.890418649,0.092440352,0.300000012,0.788095,0.5,positive
0.099768169,0.869455218,0.023364643,0.200000003,0.802964,0.862848163,negative
0.014294188,0.617293298,0.308684587,0.200000003,0.945717,0.847345948,negative
0.645093977,0.313045591,0.026196539,0,0.516475,0.867209136,positive
0.355975181,0.636269867,0.001083524,-0.699999988,-0.765348,0.5,positive
0.022245253,0.272568166,0.581329882,0.100000001,0.514354,0.5,positive
0.003753432,0.926668704,0.067293391,0.200000003,0.89528,0.5,positive
9.28E-06,0.003999182,0.995428085,0.600000024,0.875904,0.838113427,positive
0.014297645,0.858219564,0.121717878,0,0.7985,0.5,neutral
0.002518716,0.699726045,0.294915736,-0.100000001,0.715505,0.5,neutral
0.005462806,0.786096573,0.197034955,0.100000001,0.611626,0.918114543,neutral
0.573812604,0.363144457,0.018939158,-0.100000001,0.776021,0.5,positive
0.003955368,0.988271415,0.006972531,0.100000001,0.692855,0.5,positive
0.001195706,0.985382199,0.011972828,0,0.563668,0.5,negative
0.000368262,0.612315416,0.384314835,0.100000001,0.507178,0.5,positive
0.000129158,0.648226082,0.351064473,0.300000012,0.585602,0.5,negative
8.81E-05,0.978573382,0.021115752,0,0.608066,0.5,positive
0.001092918,0.979229212,0.018198846,0,0.725285,0.5,positive
0.000565441,0.734605968,0.26106447,0.300000012,0.891185,0.5,positive
